,Title,Address,Price,Number of Beds,Number of Baths
0,0 Gateway,"Rock Springs, WY 82901",$725K,4 Beds,4 Full Baths
1,1003 Winchester Blvd.,"Rock Springs, WY 82901",$452K,5 Beds,3 Full Baths
2,600 Talladega,"Rock Springs, WY 82901",$396K,4 Beds,3 Full Baths
3,3239 Spearhead Way,"Rock Springs, WY 82901",$389K,3 Beds,3 Full Baths
4,522 Emerald Street,"Rock Springs, WY 82901",$254K,4 Beds,2 Full Baths
5,1302 Veteran's Drive,"Rock Springs, WY 82901",$252K,4 Beds,3 Full Baths
6,1021 Cypress Cir,"Rock Springs, WY 82901",$210K,3 Beds,2 Full Baths
7,913 Madison Dr,"Rock Springs, WY 82901",$209K,3 Beds,2 Full Baths
8,1344 Teton Street,"Rock Springs, WY 82901",$199K,3 Beds,2 Full Baths
9,4 Minnies Lane,"Rock Springs, WY 82901",$196K,3 Beds,2 Full Baths
